,molecule_chembl_id,canonical_smiles,class,MW,LogP,NumHDonors,NumHAcceptors,pIC50
0,CHEMBL194398,CCOC(=O)/C=C/[C@H](C[C@@H]1CCNC1=O)NC(=O)[C@@H](CC(=O)[C@@H](NC(=O)c1cc(C)on1)C(C)C)Cc1ccccc1,inactive,580.6820000000004,2.6858200000000014,3.0,8.0,3.0604807473813813
1,CHEMBL393608,CCOC(=O)/C=C/[C@H](C[C@@H]1CCNC1=O)NC(=O)[C@H](CC(C)C)NC(=O)[C@@H](NC(=O)c1cc(C)on1)C(C)C,inactive,547.6530000000002,1.3986200000000035,4.0,8.0,3.6989700043360187
2,CHEMBL238216,CCOC(=O)/C=C/[C@H](C[C@@H]1CCNC1=O)NC(=O)[C@H](Cc1ccccc1)NC(=O)[C@@H](NC(=O)c1cc(C)on1)C(C)C,inactive,581.6700000000001,1.5952200000000034,4.0,8.0,3.5228787452803374
3,CHEMBL235873,CCOC(=O)/C=C/[C@H](C[C@@H]1CCNC1=O)NC(=O)[C@H](Cc1ccccc1)NC(=O)[C@@H](NC(=O)[C@H](CO)NC(=O)OC(C)(C)C)C(C)C,inactive,659.7810000000001,0.870600000000006,6.0,9.0,4.823908740944319
4,CHEMBL397154,CCOC(=O)/C=C/[C@H](C[C@@H]1CCNC1=O)NC(=O)[C@H](CC(C)C)NC(=O)[C@@H](NC(=O)[C@H](CO)NC(=O)OC(C)(C)C)C(C)C,inactive,625.764,0.6740000000000061,6.0,9.0,5.0
5,CHEMBL238217,CCOC(=O)/C=C/[C@H](C[C@@H]1CCNC1=O)NC(=O)[C@H](CC=C(C)C)CC(=O)[C@@H](NC(=O)[C@H](CO)NC(=O)OC(C)(C)C)C(C)C,inactive,636.7870000000001,2.0748000000000024,5.0,9.0,4.096910013008056
6,CHEMBL196635,CCOC(=O)/C=C/[C@H](C[C@@H]1CCNC1=O)NC(=O)[C@H](CC=C(C)C)CC(=O)[C@@H](NC(=O)c1cc(C)on1)C(C)C,inactive,558.6760000000003,2.7994200000000014,3.0,8.0,3.0969100130080562
7,CHEMBL492571,O=C(O)/C(O)=C/C(=O)c1cccc(NCc2ccccc2)c1,intermediate,297.31,3.007900000000002,3.0,4.0,5.267606240177032
8,CHEMBL522710,O=C(O)/C(O)=C/C(=O)c1cccc(NCc2ccc(Cl)cc2)c1,inactive,331.755,3.6613000000000016,3.0,4.0,4.958607314841775
9,CHEMBL492771,O=C(O)/C(O)=C/C(=O)c1cccc(OCc2ccc(Cl)cc2)c1,inactive,332.73900000000003,3.6282000000000023,2.0,4.0,4.866461091629782
10,CHEMBL492772,O=C(O)/C(O)=C/C(=O)c1ccccc1OCc1ccc(Cl)cc1,inactive,332.73900000000003,3.6282000000000023,2.0,4.0,4.542118103266008
11,CHEMBL492768,O=C(O)/C(O)=C/C(=O)c1ccc(OCc2ccccc2)cc1,inactive,298.294,2.974800000000002,2.0,4.0,4.399027104313252
12,CHEMBL492769,O=C(O)/C(O)=C/C(=O)c1ccc(OCc2ccc(Cl)cc2)cc1,inactive,332.73900000000003,3.6282000000000023,2.0,4.0,4.301029995663981
13,CHEMBL492770,O=C(O)/C(O)=C/C(=O)c1cccc(OCc2ccccc2)c1,inactive,298.294,2.974800000000002,2.0,4.0,4.301029995663981
14,CHEMBL499444,O=C(O)/C(O)=C/C(=O)c1ccccc1OCc1ccccc1,inactive,298.294,2.974800000000002,2.0,4.0,4.301029995663981
15,CHEMBL221366,O=C(Oc1cccnc1)c1cccs1,active,205.238,2.3623000000000003,0.0,4.0,6.301029995663981
16,CHEMBL541163,CCN1/C(=C\C=C\c2sc3ccc(-c4nc5ccccc5s4)cc3[n+]2CC)Sc2ccc(-c3nc4ccccc4s3)cc21.[Cl-],intermediate,631.8970000000003,10.24889999999999,0.0,7.0,5.6020599913279625
17,CHEMBL540403,CCN1C(c2ccccc2)=C(c2ccccc2)S/C1=C/C=C/c1sc2c3ccccc3ccc2[n+]1CC.[Cl-],intermediate,517.7430000000003,8.811200000000001,0.0,3.0,5.42021640338319
18,CHEMBL518593,C(\C1=C2Sc3ccccc3N2CC1)=C1/CC[n+]2c1sc1ccccc12,inactive,361.515,5.203500000000004,0.0,3.0,4.978810700930062
19,CHEMBL478119,CCN1/C(=C\C=C\C2=C/C(=C/c3sc4ccccc4[n+]3CC)CC(C)C2)Sc2ccccc21,intermediate,471.71500000000026,7.978200000000007,0.0,3.0,5.698970004336019
20,CHEMBL558828,CCC(=C\c1sc2cc(C)c(C)cc2[n+]1CC)/C=C1/Sc2cc(/C=C/c3ccccc3)ccc2N1CC.[Cl-],intermediate,523.7910000000002,9.26294,0.0,3.0,5.180456064458132
21,CHEMBL478987,CCN1/C(=C\C=c2/s/c(=C\c3sc4ccccc4[n+]3CC)n(CC)c2=O)Sc2ccccc21,inactive,492.71500000000026,4.534700000000004,0.0,6.0,5.0
22,CHEMBL479172,CCC(=C\c1sc2c3ccccc3ccc2[n+]1CC)/C=C1/Sc2cc(C)c(C)cc2N1CC,intermediate,471.71500000000026,8.245740000000007,0.0,3.0,5.267606240177032
23,CHEMBL515787,CCN1/C(=C\C(=C/c2sc3ccccc3[n+]2CCCS(=O)(=O)[O-])OC)Sc2ccc(OC)cc21,intermediate,518.6820000000002,4.593600000000005,0.0,8.0,5.136677139879544
24,CHEMBL549646,O=c1cc(CNCc2ccc(Cl)cc2)oc2ccc(O)c(O)c12,inactive,331.7550000000001,3.147400000000002,3.0,5.0,4.301029995663981
25,CHEMBL560136,O=c1cc(CNCc2cccc(Cl)c2)oc2ccc(O)c(O)c12,inactive,331.7550000000001,3.147400000000002,3.0,5.0,4.301029995663981
26,CHEMBL560392,N#Cc1cccc(CNCc2cc(=O)c3c(O)c(O)ccc3o2)c1,inactive,322.32,2.365680000000001,3.0,6.0,4.301029995663981
27,CHEMBL50,O=c1c(O)c(-c2ccc(O)c(O)c2)oc2cc(O)cc(O)c12,inactive,302.23800000000006,1.988,5.0,7.0,4.301029995663981
28,CHEMBL556501,O=c1c(O)c(-c2ccc3c(c2)OCO3)oc2cc(O)cc(O)c12,inactive,314.249,2.3055000000000008,3.0,7.0,4.301029995663981
29,CHEMBL550256,O=c1c(O)c(-c2ccc(O)c(O)c2)oc2cc(OCc3ccc(Cl)cc3)cc(O)c12,inactive,426.80800000000016,4.514800000000003,4.0,7.0,4.679853713888946
30,CHEMBL551130,O=c1c(O)c(-c2ccc(O)c(O)c2)oc2cc(OCc3cccc(Cl)c3)cc(O)c12,inactive,426.80800000000016,4.514800000000003,4.0,7.0,4.301029995663981
31,CHEMBL551131,N#Cc1cccc(COc2cc(O)c3c(=O)c(O)c(-c4ccc(O)c(O)c4)oc3c2)c1,inactive,417.3730000000001,3.733080000000002,4.0,8.0,4.5951662833800615
32,CHEMBL551334,O=c1c(O)c(-c2ccc3c(c2)OCO3)oc2cc(OCc3ccc(Cl)cc3)cc(O)c12,inactive,438.81900000000013,4.832300000000003,2.0,7.0,4.301029995663981
33,CHEMBL560933,O=c1c(O)c(-c2ccc3c(c2)OCO3)oc2cc(OCc3cccc(Cl)c3)cc(O)c12,inactive,438.81900000000013,4.832300000000003,2.0,7.0,4.301029995663981
34,CHEMBL551529,N#Cc1cccc(COc2cc(O)c3c(=O)c(O)c(-c4ccc5c(c4)OCO5)oc3c2)c1,inactive,429.3840000000002,4.050580000000002,2.0,8.0,4.367542707815276
35,CHEMBL1448,O=C(Nc1ccc([N+](=O)[O-])cc1Cl)c1cc(Cl)ccc1O,inactive,327.12300000000005,3.859500000000001,2.0,4.0,4.3979400086720375
36,CHEMBL301982,CC1=C(O)C(=O)C=C2C1=CC=C1[C@@]3(C)CC[C@@]4(C)CC[C@@](C)(C(=O)O)C[C@H]4[C@]3(C)CC[C@@]21C,inactive,450.6190000000003,6.697700000000006,2.0,3.0,4.987162775294828
37,CHEMBL54804,COC(=O)[C@]1(C)CC[C@]2(C)CC[C@]3(C)C4=CC=C5C(=CC(=O)C(O)=C5C)[C@]4(C)CC[C@@]3(C)[C@@H]2C1,intermediate,464.64600000000036,6.786100000000007,1.0,4.0,5.259637310505756
38,CHEMBL432519,CC1=C(O)C(=O)C=C2C1=CC=C1[C@@]3(C)CC[C@@]4(C)CC(=O)[C@H](C)C[C@H]4[C@]3(C)CC[C@@]21C,intermediate,420.59300000000025,6.421900000000006,1.0,3.0,5.00436480540245
39,CHEMBL1092796,CC1=CC[C@]2(C)CC[C@]3(C)C4=CC=C5C(=CC(=O)C(O)=C5C)[C@]4(C)CC[C@@]3(C)[C@@H]2C1,intermediate,404.5940000000003,7.1630000000000065,1.0,2.0,5.585026652029182
40,CHEMBL1092797,Cc1c(O)c(O)cc2c1CC=C1[C@@]3(C)CC[C@@]4(C)CC[C@@](C)(C(=O)O)C[C@H]4[C@]3(C)CC[C@]12C,inactive,452.63500000000033,6.643920000000007,3.0,3.0,4.66354026615147
41,CHEMBL116438,COc1cc(/C=C/C(=O)/C=C(O)/C=C/c2ccc(O)c(OC)c2)ccc1O,inactive,368.3850000000001,3.852600000000003,3.0,6.0,4.628932137728263
42,CHEMBL1277944,O=C(O)c1ccc(/C=C2\C(=O)N(c3ccccc3)N=C2c2ccccc2)cc1,inactive,368.39200000000005,4.219300000000003,1.0,3.0,4.7447274948966935
43,CHEMBL1278125,O=C(O)c1ccc(/C=C2\C(=O)N(c3ccc(Cl)cc3)N=C2c2ccccc2)cc1,inactive,402.83700000000005,4.872700000000004,1.0,3.0,4.856985199745905
44,CHEMBL1276871,COc1ccc(N2N=C(c3ccccc3)/C(=C/c3ccc(C(=O)O)cc3)C2=O)cc1,inactive,398.4180000000002,4.227900000000003,1.0,4.0,4.920818753952375
45,CHEMBL1277046,N#Cc1ccc(N2N=C(c3ccccc3)/C(=C/c3ccc(C(=O)O)cc3)C2=O)cc1,intermediate,393.40200000000016,4.090980000000004,1.0,4.0,5.259637310505756
46,CHEMBL1277047,O=C(O)c1ccc(/C=C2\C(=O)N(c3ccc(OC(F)(F)F)cc3)N=C2c2ccccc2)cc1,inactive,452.38800000000003,5.117900000000003,1.0,4.0,4.376750709602099
47,CHEMBL1277135,O=C(O)c1ccc(/C=C2\C(=O)N(c3cccc(Cl)c3)N=C2c2ccccc2)cc1,inactive,402.83700000000005,4.872700000000004,1.0,3.0,4.966576244513051
48,CHEMBL1277136,O=C(O)c1ccc(/C=C2\C(=O)N(c3ccc(Cl)c(Cl)c3)N=C2c2ccccc2)cc1,inactive,437.2820000000001,5.526100000000005,1.0,3.0,4.614393726401688
49,CHEMBL1277227,O=C(O)c1ccc(/C=C2\C(=O)N(c3ccc(F)cc3)N=C2c2ccccc2)cc1,intermediate,386.38200000000006,4.358400000000003,1.0,3.0,5.167491087293763
50,CHEMBL1277228,O=C(O)c1ccc(/C=C2\C(=O)N(c3cccc([N+](=O)[O-])c3)N=C2c2ccccc2)cc1,intermediate,413.38900000000007,4.127500000000002,1.0,5.0,5.075720713938118
51,CHEMBL197310,CC(C)c1cc2c(cc1O)[C@@]1(C)CCC[C@@](C)(CO)[C@@H]1CC2,inactive,302.45799999999997,4.518200000000004,2.0,2.0,3.6560009309428385
52,CHEMBL1277661,CC(C)c1cc2c(cc1O)[C@@]1(C)CC[C@H](O)C(C)(C)[C@@H]1CC2,inactive,302.458,4.516600000000004,2.0,2.0,3.6318991482906484
53,CHEMBL197308,CC(C)c1cc2c(cc1O)[C@@]1(C)CCCC(C)(C)[C@@H]1CC2,inactive,286.459,5.545800000000005,1.0,1.0,4.304518323509803
54,CHEMBL1277662,CC(C)c1cc2c(cc1O)[C@@]1(C)CCC[C@@](C)(C=O)[C@@H]1CC2,inactive,300.442,4.7248000000000046,1.0,2.0,3.7872798455821575
55,CHEMBL1277754,CC(=O)Oc1cc2c(cc1C(C)C)CC[C@@H]1[C@]2(C)CCC[C@@]1(C)CO,inactive,344.4950000000002,4.737900000000005,1.0,3.0,3.889747082646597
56,CHEMBL12798,COC(=O)[C@]1(C)CCC[C@]2(C)c3ccc(C(C)C)cc3CC[C@H]21,inactive,314.4690000000001,4.993300000000005,0.0,2.0,3.684029654543082
57,CHEMBL512164,C=C[C@@]1(C)CC[C@H]2C(=CC[C@H]3[C@](C)(C(=O)O)CCC[C@]23C)C1,inactive,302.4580000000001,5.206200000000004,1.0,1.0,3.547446936771075
58,CHEMBL1277840,C=C1CC[C@H]2[C@](C)(CO)CCC[C@]2(C)[C@H]1CC/C(C)=C\CO,inactive,306.48999999999995,4.476400000000005,2.0,2.0,3.8610660597430764
59,CHEMBL63354,O=c1cc(-c2ccc(O)c(-c3c(O)cc(O)c4c(=O)cc(-c5ccc(O)cc5)oc34)c2)oc2cc(O)cc(O)c12,intermediate,538.4640000000002,5.134000000000007,6.0,10.0,5.080921907623926
60,CHEMBL378188,COc1ccc(-c2cc(=O)c3c(O)cc(O)cc3o2)cc1-c1c(O)cc(O)c2c(=O)cc(-c3ccc(O)cc3)oc12,inactive,552.4910000000003,5.437000000000006,5.0,10.0,4.140861702705469
61,CHEMBL377324,COc1cc(O)c2c(=O)cc(-c3ccc(OC)c(-c4c(O)cc(O)c5c(=O)cc(-c6ccc(O)cc6)oc45)c3)oc2c1,inactive,566.5180000000003,5.740000000000006,4.0,10.0,4.494850021680094
62,CHEMBL208908,COc1ccc(-c2cc(=O)c3c(O)cc(O)c(-c4cc(-c5cc(=O)c6c(O)cc(OC)cc6o5)ccc4OC)c3o2)cc1,inactive,580.5450000000003,6.043000000000007,3.0,10.0,4.4156687756324695
63,CHEMBL28,O=c1cc(-c2ccc(O)cc2)oc2cc(O)cc(O)c12,inactive,270.24,2.576800000000001,3.0,5.0,3.5516028965422324
64,CHEMBL151,O=c1cc(-c2ccc(O)c(O)c2)oc2cc(O)cc(O)c12,inactive,286.23900000000003,2.2824000000000004,4.0,6.0,4.698970004336019
65,CHEMBL71893,CC(C)C1=CC2=CC[C@H]3[C@](C)(C(=O)O)CCC[C@]3(C)[C@H]2CC1,inactive,302.458,5.206200000000004,1.0,1.0,3.72330847115496
66,CHEMBL1774322,Nc1nc(CSc2nnc(-c3cccc4ccccc34)n2-c2ccccc2)cs1,inactive,415.5470000000001,5.4185000000000025,1.0,7.0,4.233959139618611
67,CHEMBL1774323,COc1cc(C2C(C(=O)c3ccc(OCC(C)C)cc3C)=C(O)C(=O)N2CCN(C)C)ccc1O,inactive,482.5770000000003,3.883920000000003,2.0,7.0,4.202109516941651
68,CHEMBL1774324,Cc1nc(C)c(C(=O)C2=C(O)C(=O)N(CCCN3CCOCC3)C2c2cccc([N+](=O)[O-])c2)s1,inactive,486.55000000000024,2.9687400000000013,1.0,9.0,3.994047713112617
69,CHEMBL1774325,COc1cc(/C=N/NC(=O)/C(=C\c2ccccc2)NC(=O)c2ccccc2)cc(OC)c1O,inactive,445.47500000000025,3.330600000000002,3.0,6.0,4.113001954328901
70,CHEMBL1774326,O=C(CSc1ncnc2c1sc1nc(N3CCOCC3)c3c(c12)CCCC3)NCc1ccco1,inactive,495.63000000000045,3.956400000000003,1.0,9.0,4.0422969584511685
71,CHEMBL1350514,Cc1ccc(C(=O)N/C(=C\c2ccc(-c3cccc([N+](=O)[O-])c3)o2)C(=O)NCCCN(C)C)cc1,inactive,476.5330000000003,4.002020000000003,2.0,6.0,4.413750361133958
72,CHEMBL1315054,Cc1ccc(C(=O)N/C(=C\c2ccc(-c3ccccc3[N+](=O)[O-])o2)C(=O)NCCCN(C)C)cc1,inactive,476.53300000000036,4.002020000000003,2.0,6.0,4.38310457359924
73,CHEMBL2316336,CC(C)C[C@H](NC(=O)[C@@H](NC(=O)[C@H](C)NC(=O)[C@H](CO)NC(=O)[C@@H](NC(=O)OCc1ccccc1)[C@@H](C)O)C(C)C)C(=O)N[C@H](C#N)CCC(N)=O,inactive,732.8359999999999,-1.4104199999999891,9.0,11.0,4.4089353929735005
74,CHEMBL2316337,CC(C)C[C@H](NC(=O)[C@@H](NC(=O)[C@H](C)NC(=O)OCc1ccccc1)C(C)C)C(=O)N[C@H](C#N)CCC(N)=O,intermediate,544.6530000000002,1.2468800000000035,5.0,7.0,5.337242168318426
75,CHEMBL2316338,CC(C)C[C@H](NC(=O)[C@@H](NC(=O)[C@H](C)NC(=O)OC(C)(C)C)C(C)C)C(=O)N[C@H](C#N)CCC(N)=O,inactive,510.63600000000037,0.8451800000000034,5.0,7.0,4.309803919971486
76,CHEMBL2316339,Cc1cc(C(=O)N[C@@H](C)C(=O)N[C@H](C(=O)N[C@@H](CC(C)C)C(=O)N[C@H](C#N)CCC(N)=O)C(C)C)no1,inactive,519.6030000000003,0.046900000000002606,5.0,8.0,4.309803919971486
77,CHEMBL473159,Oc1cc(O)cc(O)c1,inactive,126.11099999999996,0.8033999999999999,3.0,3.0,3.6989700043360187
78,CHEMBL459393,Oc1cc(O)c(Oc2cc(O)cc(O)c2Oc2cc(O)cc(O)c2-c2c(O)cc(O)cc2O)c(O)c1,inactive,498.3960000000002,3.9942000000000064,10.0,12.0,3.751781438809925
79,CHEMBL510508,Oc1cc(O)cc(Oc2c(O)cc(O)c3c2Oc2c(O)cc4oc5c(Oc6cc(O)cc(O)c6)c(O)cc(O)c5c4c2O3)c1,inactive,602.4600000000003,6.419000000000007,9.0,14.0,3.7579557606304492
80,CHEMBL2391422,Oc1cc(O)cc(Oc2c(O)cc(Oc3c(O)cc(O)cc3O)cc2O)c1,inactive,374.30100000000004,3.210399999999999,7.0,9.0,3.7833064008302455
81,CHEMBL559870,Oc1cc(O)c2oc3cc(O)c4oc5cc(O)cc(O)c5oc4c3oc2c1,inactive,370.2690000000001,4.323800000000002,5.0,9.0,3.800519085137644
82,CHEMBL40275,O=C1c2cccc(O)c2C(=O)c2c(O)cc(CO)cc21,inactive,270.23999999999995,1.3654999999999993,3.0,5.0,3.87942606879415
83,CHEMBL2391423,Oc1cc(O)cc(Oc2c(Oc3c(O)cc(O)cc3O)cc(O)c3c2Oc2c(O)cc(O)cc2O3)c1,inactive,496.3800000000002,4.814000000000007,8.0,12.0,3.9500071430798576
84,CHEMBL456228,Oc1cc(O)cc(Oc2c(O)cc(O)c3c2Oc2c(O)cc(Oc4c(O)cc(O)cc4O)cc2O3)c1,inactive,496.3800000000002,4.814000000000007,8.0,12.0,3.9507819773298185
85,CHEMBL8145,O=c1c(-c2ccc(O)cc2)coc2cc(O)ccc12,inactive,254.24099999999999,2.871200000000001,2.0,4.0,3.9788107009300617
86,CHEMBL508791,Oc1cc(O)cc(Oc2c(O)cc(O)c3c2Oc2c(O)cc(Oc4c(O)cc(Oc5c(O)cc(O)c6c5Oc5c(O)cc(O)cc5O6)cc4O)cc2O3)c1,inactive,742.5540000000003,7.621099999999999,11.0,18.0,4.166852888087215
87,CHEMBL399121,COc1ccc([C@@H]2CC(=O)c3c(O)cc(O)cc3O2)cc1O,inactive,302.28200000000004,2.518500000000001,3.0,6.0,4.221848749616356
88,CHEMBL471187,Oc1cc(O)cc(Oc2c(O)cc(O)c3c2Oc2c(O)cc(O)cc2O3)c1,intermediate,372.2850000000001,3.610500000000002,6.0,9.0,5.055517327849831
89,CHEMBL2441745,CC(C)C[C@H](NC(=O)[C@H](Cc1cccc2ccccc12)NC(=O)OCc1ccccc1)C(=O)N[C@@H](C[C@@H]1CCNC1=O)C(=O)C(=O)NC(C)C,active,685.822,3.3129000000000017,5.0,7.0,6.214670164989233
90,CHEMBL2441741,CC(C)C[C@H](NC(=O)[C@H](Cc1cccc2ccccc12)NC(=O)OCc1ccccc1)C(=O)N[C@H](C=O)C[C@@H]1CCNC1=O,active,600.716,3.418100000000001,4.0,6.0,6.638272163982407
91,CHEMBL3099547,CN1C(=O)C(=O)c2cc(S(=O)(=O)N3CCN(CCc4ccccc4)CC3)ccc21,inactive,413.4990000000002,1.3947000000000003,0.0,5.0,4.858236769724212
92,CHEMBL3099546,CN1CCN(S(=O)(=O)c2ccc3c(c2)C(=O)C(=O)N3Cc2ccc3ccccc3c2)CC1,inactive,449.5320000000002,2.5054000000000007,0.0,5.0,4.081393084855018
93,CHEMBL3099545,CN1CCN(S(=O)(=O)c2ccc3c(c2)C(=O)C(=O)N3Cc2ccccc2)CC1,inactive,399.47200000000015,1.3521999999999996,0.0,5.0,4.172630726946175
94,CHEMBL3099544,CN1CCN(S(=O)(=O)c2ccc3c(c2)C(=O)C(=O)N3C)CC1,inactive,323.3740000000001,-0.21820000000000017,0.0,5.0,4.927015255372069
95,CHEMBL3099543,CC1CC(C)CN(S(=O)(=O)c2ccc3c(c2)C(=O)C(=O)N3)C1,intermediate,322.3860000000001,1.488,1.0,4.0,5.366531544420414
96,CHEMBL3099542,CC1CCCCN1S(=O)(=O)c1ccc2c(c1)C(=O)C(=O)N2,intermediate,308.35900000000004,1.3845,1.0,4.0,5.647817481888637
97,CHEMBL3099541,CC1CCN(S(=O)(=O)c2ccc3c(c2)C(=O)C(=O)N3)CC1,intermediate,308.35900000000004,1.2420000000000002,1.0,4.0,5.928117992693875
98,CHEMBL484273,O=C1Nc2ccc(S(=O)(=O)N3CCOCC3)cc2C1=O,inactive,296.304,-0.15769999999999995,1.0,5.0,4.897566294318664
99,CHEMBL61320,O=C1Nc2ccc(S(=O)(=O)N3CCCCC3)cc2C1=O,intermediate,294.332,0.9960000000000002,1.0,4.0,5.351639989019068
100,CHEMBL3099540,O=C1Nc2ccc(S(=O)(=O)N3CCN(c4ccccn4)CC3)cc2C1=O,inactive,372.4060000000001,0.7272999999999998,1.0,6.0,4.289628735739237
101,CHEMBL3099539,O=C1Nc2ccc(S(=O)(=O)N3CCN(C(=O)c4ccco4)CC3)cc2C1=O,inactive,389.3890000000001,0.5610999999999997,1.0,6.0,4.996970529446382
102,CHEMBL3099538,O=C1Nc2ccc(S(=O)(=O)N3CCN(CCc4ccccc4)CC3)cc2C1=O,inactive,399.4720000000001,1.3703999999999996,1.0,5.0,4.457050151185821
103,CHEMBL3099537,COc1cc(CN2CCN(S(=O)(=O)c3ccc4c(c3)C(=O)C(=O)N4)CC2)cc(OC)c1OC,inactive,475.52300000000037,1.3537000000000001,1.0,8.0,4.493765640387874
104,CHEMBL3099536,O=C1Nc2ccc(S(=O)(=O)N3CCN(Cc4cccc(Cl)c4)CC3)cc2C1=O,inactive,419.8900000000001,1.9812999999999998,1.0,5.0,4.498803757972912
105,CHEMBL3099535,O=C1Nc2ccc(S(=O)(=O)N3CCN(c4cccc(C(F)(F)F)c4)CC3)cc2C1=O,inactive,439.41500000000013,2.3511000000000006,1.0,5.0,4.0
106,CHEMBL3099534,O=C1Nc2ccc(S(=O)(=O)N3CCN(c4ccc(F)cc4)CC3)cc2C1=O,inactive,389.40800000000013,1.4714,1.0,5.0,4.0
107,CHEMBL3099533,CN1CCN(S(=O)(=O)c2ccc3c(c2)C(=O)C(=O)N3)CC1,inactive,309.34700000000004,-0.24249999999999994,1.0,5.0,4.114978205137702
108,CHEMBL3099530,CC1CC(C)CN(S(=O)(=O)c2ccc3c(c2)C(=O)C(=O)N3Cc2ccccc2)C1,intermediate,412.5110000000002,3.0827000000000018,0.0,4.0,5.327902142064283
109,CHEMBL3099529,CC1CC(C)CN(S(=O)(=O)c2ccc3c(c2)C(=O)C(=O)N3C)C1,intermediate,336.4130000000001,1.5123000000000002,0.0,4.0,5.549750891680639
110,CHEMBL3099528,CC1CCN(S(=O)(=O)c2ccc3c(c2)C(=O)C(=O)N3Cc2ccc3ccccc3c2)CC1,inactive,448.5440000000002,3.989900000000003,0.0,4.0,4.749092300299144
111,CHEMBL3099527,CC1CCN(S(=O)(=O)c2ccc3c(c2)C(=O)C(=O)N3Cc2ccccc2)CC1,intermediate,398.48400000000015,2.8367000000000013,0.0,4.0,5.772113295386326
112,CHEMBL3099526,CC1CCN(S(=O)(=O)c2ccc3c(c2)C(=O)C(=O)N3C)CC1,intermediate,322.3860000000001,1.2663000000000002,0.0,4.0,5.982966660701219
113,CHEMBL3099525,O=C1C(=O)N(Cc2ccc3ccccc3c2)c2ccc(S(=O)(=O)N3CCOCC3)cc21,inactive,436.4890000000003,2.5902000000000003,0.0,5.0,4.399353764337605
114,CHEMBL3099524,O=C1C(=O)N(Cc2ccccc2)c2ccc(S(=O)(=O)N3CCOCC3)cc21,inactive,386.42900000000026,1.437,0.0,5.0,4.858236769724212
115,CHEMBL3099523,CN1C(=O)C(=O)c2cc(S(=O)(=O)N3CCOCC3)ccc21,intermediate,310.3310000000001,-0.13339999999999952,0.0,5.0,5.003926345514724
116,CHEMBL3099522,O=C1C(=O)N(Cc2ccccc2)c2ccc(S(=O)(=O)N3CCCCC3)cc21,inactive,384.4570000000003,2.590700000000001,0.0,4.0,4.853871964321762
117,CHEMBL3099521,CN1C(=O)C(=O)c2cc(S(=O)(=O)N3CCN(c4ccccn4)CC3)ccc21,intermediate,386.4330000000001,0.7516,0.0,6.0,5.2580609222708015
118,CHEMBL554041,CCCCC(CC)CNC(=N)NC(=N)NCCCCCCNC(=N)NC(=N)NCC(CC)CCCC.Cl.Cl,inactive,508.80400000000037,4.256280000000006,10.0,4.0,4.600326278518962
119,CHEMBL1876821,CN(CC(=O)NC1CCCC1)S(=O)(=O)c1cccc(Cl)c1,inactive,330.837,2.0192999999999994,1.0,3.0,3.6989700043360187
120,CHEMBL3105072,Nc1ccc(F)c(S(=O)(=O)Nc2cccc(C(F)(F)F)c2)c1,inactive,334.29400000000004,3.227500000000001,2.0,3.0,3.6989700043360187
121,CHEMBL3105071,COc1ccccc1CNC(=O)[C@H](C)NS(=O)(=O)c1ccccc1,inactive,348.42400000000004,1.6783999999999997,2.0,4.0,3.6989700043360187
122,CHEMBL1392147,CCOc1ccc(S(=O)(=O)NCc2ccc3c(c2)OCO3)cc1C,inactive,349.40800000000013,2.6009200000000003,1.0,5.0,3.6989700043360187
123,CHEMBL1732790,OCCCc1nc2ccccc2n1CCOc1ccccc1,inactive,296.37,3.0402000000000013,1.0,4.0,3.6989700043360187
124,CHEMBL1488602,COCCOCCn1c(CCCO)nc2ccccc21,inactive,278.35200000000003,1.6241999999999994,1.0,5.0,3.7304870557820835
125,CHEMBL1478361,COc1ccc(N(CC(=O)NCc2ccco2)S(C)(=O)=O)cc1,inactive,338.3850000000001,1.3706,1.0,5.0,4.208309350979882
126,CHEMBL1906723,COc1ccc(C(=O)Cn2c(NCCO)nc3ccccc32)cc1,inactive,325.368,2.332,2.0,6.0,4.388276691992658
127,CHEMBL1487869,Cn1cnc2cc(NC(=O)c3ccc(Cl)cc3)ccc21,inactive,285.73400000000004,3.479000000000002,1.0,3.0,4.510041520575165
128,CHEMBL3105075,C(=C/c1ccccc1)\C[N+]1(C/C=C/c2ccccc2)CCN(C(c2ccccc2)c2ccccc2)CC1,inactive,485.6950000000003,7.335200000000008,0.0,1.0,4.525783735923745
129,CHEMBL3105074,O=C(c1cncc(Br)c1)N1CCN(Cc2ccsc2)CC1,inactive,366.2840000000001,2.863600000000001,0.0,4.0,4.610833915635467
130,CHEMBL3105076,Nc1ncnc2[nH]c(C(F)(F)F)nc12,inactive,203.12699999999995,0.9539000000000002,2.0,4.0,4.690369832574101
131,CHEMBL3105073,S=C(NCc1cccnc1)SCc1cc(Cl)sc1Cl,intermediate,349.33299999999997,4.757800000000002,1.0,4.0,5.036212172654444
132,CHEMBL3810366,CC1=NN(c2cccc(C(=O)O)c2)C(=O)/C1=C\c1ccc(-c2cc(Cl)ccc2C(=O)O)o1,inactive,450.8340000000001,4.802500000000003,2.0,5.0,4.301029995663981
133,CHEMBL3810109,O=C(O)c1cccc(N2N=C(C(F)(F)F)/C(=C/c3ccc(-c4cc(Cl)ccc4C(=O)O)o3)C2=O)c1,inactive,504.8040000000002,5.344900000000003,2.0,5.0,4.301029995663981
134,CHEMBL3808558,O=C(O)c1cccc(N2N=C(C(F)(F)F)/C(=C\c3ccc(-c4ccccc4C(=O)O)o3)C2=O)c1,inactive,470.35900000000015,4.691500000000002,2.0,5.0,4.301029995663981
135,CHEMBL3808795,O=C(O)c1cccc(N2N=C(c3ccccc3)/C(=C/c3ccc(-c4cc(Cl)ccc4C(=O)O)o3)C2=O)c1,inactive,512.9050000000003,5.830900000000004,2.0,5.0,4.349692476868063
136,CHEMBL3810010,CC1=NN(c2ccccc2)C(=O)/C1=C\c1ccc(-c2cc(Cl)ccc2C(=O)O)o1,inactive,406.8250000000001,5.104300000000003,1.0,4.0,4.301029995663981
137,CHEMBL3810328,O=C(O)c1ccc(Cl)cc1-c1ccc(/C=C2\C(=O)N(c3ccccc3)N=C2c2ccccc2)o1,inactive,468.89600000000013,6.132700000000005,1.0,4.0,4.785156151952302
138,CHEMBL3808658,O=C(O)c1ccc(Cl)cc1-c1ccc(/C=C2\C(=O)N(c3ccc(F)cc3)N=C2c2ccccc2)o1,inactive,486.88600000000014,6.271800000000004,1.0,4.0,4.694648630553377
139,CHEMBL3809329,CC(C)c1ccc(N2N=C(c3ccccc3)/C(=C/c3ccc(-c4cc(Cl)ccc4C(=O)O)o3)C2=O)cc1,intermediate,510.9770000000002,7.256100000000005,1.0,4.0,5.221848749616356
140,CHEMBL3808427,CC(C)(C)c1ccc(N2N=C(c3ccccc3)/C(=C/c3ccc(-c4cc(Cl)ccc4C(=O)O)o3)C2=O)cc1,intermediate,525.0040000000002,7.430200000000006,1.0,4.0,5.236572006437063
141,CHEMBL3810058,O=C1/C(=C\c2ccc(-c3ccccc3)o2)C(c2ccccc2)=NN1c1ccccc1,inactive,390.44200000000006,5.781100000000005,0.0,3.0,4.301029995663981
142,CHEMBL3809861,O=C(O)c1cccc(N2N=C(c3ccccc3)/C(=C/c3ccc(-c4ccccc4)o3)C2=O)c1,intermediate,434.4510000000002,5.479300000000005,1.0,4.0,5.1938200260161125
143,CHEMBL3809159,CC1=NN(c2cccc(C(=O)O)c2)C(=O)/C1=C\c1ccc(-c2ccccc2)o1,inactive,372.38000000000005,4.450900000000003,1.0,4.0,4.301029995663981
144,CHEMBL3810361,O=C(O)c1ccccc1-c1ccc(/C=C2\C(=O)N(c3ccccc3)N=C2c2ccccc2)o1,inactive,434.4510000000001,5.479300000000004,1.0,4.0,4.3851027839668655
145,CHEMBL3810325,O=C(O)c1ccccc1-c1ccc(/C=C2\C(=O)N(c3ccc(F)cc3)N=C2c2ccccc2)o1,inactive,452.4410000000001,5.618400000000005,1.0,4.0,4.425968732272281
146,CHEMBL3809506,CC(C)c1ccc(N2N=C(c3ccccc3)/C(=C/c3ccc(-c4ccccc4C(=O)O)o3)C2=O)cc1,inactive,476.5320000000002,6.602700000000006,1.0,4.0,4.931814138253838
147,CHEMBL3809579,CC(C)(C)c1ccc(N2N=C(c3ccccc3)/C(=C/c3ccc(-c4ccccc4C(=O)O)o3)C2=O)cc1,intermediate,490.55900000000025,6.776800000000006,1.0,4.0,5.0655015487564325
148,CHEMBL3809498,N#Cc1ccc(N2N=C(c3ccccc3)/C(=C/c3ccc(-c4ccccc4C(=O)O)o3)C2=O)cc1,inactive,459.46100000000024,5.350980000000004,1.0,5.0,4.728158393463501
149,CHEMBL3809059,COc1ccc(N2N=C(c3ccccc3)/C(=C/c3ccc(-c4ccccc4C(=O)O)o3)C2=O)cc1,inactive,464.47700000000026,5.487900000000004,1.0,5.0,4.512861624522813
150,CHEMBL3809833,O=C(O)c1cccc(N2N=C(c3ccccc3)/C(=C/c3ccco3)C2=O)c1,inactive,358.3530000000001,3.812300000000003,1.0,4.0,4.301029995663981
151,CHEMBL3809053,O=C(O)c1cccc(N2N=C(c3ccccc3)/C(=C/c3ccc(-c4ccccc4)cc3)C2=O)c1,intermediate,444.4900000000002,5.886300000000005,1.0,3.0,5.173925197299173
152,CHEMBL3809926,O=C(O)c1cccc(N2N=C(c3ccccc3)/C(=C/c3ccc(OCc4ccccc4)cc3)C2=O)c1,inactive,474.51600000000025,5.798300000000005,1.0,4.0,4.804100347590766
153,CHEMBL3818593,CC(=O)N[C@@H](CCC(=O)O)C(=O)N[C@@H](CO)C(=O)N[C@H](C(=O)N[C@@H](CC(C)C)C(=O)N[C@@H](CCC(N)=O)C(=O)O)[C@@H](C)O,intermediate,618.6410000000004,-3.9355999999999987,10.0,10.0,5.1249387366083
154,CHEMBL3818400,CC(=O)N[C@@H](CC(=O)O)C(=O)N[C@@H](CO)C(=O)N[C@H](C(=O)N[C@@H](CC(C)C)C(=O)N[C@@H](CCC(N)=O)C(=O)O)[C@@H](C)O,inactive,604.6140000000004,-4.325699999999997,10.0,10.0,5.0
155,CHEMBL3818761,CC(=O)N[C@@H](Cc1cnc[nH]1)C(=O)N[C@@H](CO)C(=O)N[C@H](C(=O)N[C@@H](CC(C)C)C(=O)N[C@@H](CCC(N)=O)C(=O)O)[C@@H](C)O,inactive,626.6680000000003,-3.8345999999999987,10.0,10.0,4.301029995663981
156,CHEMBL3818000,CC(=O)N[C@@H](CC(N)=O)C(=O)N[C@@H](CO)C(=O)N[C@H](C(=O)N[C@@H](CO)C(=O)N[C@@H](CCC(N)=O)C(=O)O)[C@@H](C)O,intermediate,577.5480000000003,-6.978800000000008,11.0,11.0,5.1249387366083
157,CHEMBL3818028,CC(=O)N[C@@H](CC(N)=O)C(=O)N[C@@H](CO)C(=O)N[C@H](C(=O)N[C@@H](CC(=O)O)C(=O)N[C@@H](CCC(N)=O)C(=O)O)[C@@H](C)O,inactive,605.5580000000003,-6.496400000000004,11.0,11.0,4.698970004336019
158,CHEMBL4214066,CC(C)C[C@H](NC(=O)OC1CCN(C(=O)OC(C)(C)C)CC1)C(=O)N[C@H](C=O)C[C@@H]1CCNC1=O,intermediate,496.6050000000003,1.736700000000001,3.0,7.0,5.6777807052660805
159,CHEMBL4208240,CC(C)C[C@H](NC(=O)OC1CCN(C(=O)OC(C)(C)C)CC1)C(=O)N[C@@H](C[C@@H]1CCNC1=O)C(O)S(=O)(=O)[O-].[Na+],intermediate,577.6770000000004,0.40140000000000403,4.0,10.0,5.292429823902063
160,CHEMBL4209146,CC(C)C[C@H](NC(=O)OC1CCN(S(C)(=O)=O)CC1)C(=O)N[C@H](C=O)C[C@@H]1CCNC1=O,inactive,474.5800000000003,-0.23879999999999563,3.0,7.0,4.540607512240769
161,CHEMBL4213159,CC(C)C[C@H](NC(=O)OC1CCN(S(C)(=O)=O)CC1)C(=O)N[C@@H](C[C@@H]1CCNC1=O)C(O)S(=O)(=O)[O-].[Na+],inactive,555.6520000000004,-1.574099999999993,4.0,10.0,4.375717904164332
162,CHEMBL4202812,CC(C)C[C@H](NC(=O)OC1(Cc2ccccc2)CCN(C(=O)OC(C)(C)C)CC1)C(=O)N[C@H](C=O)C[C@@H]1CCNC1=O,intermediate,586.7300000000002,3.3496000000000015,3.0,7.0,5.2839966563652006
163,CHEMBL4203883,CC(C)C[C@H](NC(=O)OC1(Cc2ccccc2)CCN(C(=O)OC(C)(C)C)CC1)C(=O)N[C@@H](C[C@@H]1CCNC1=O)C(O)S(=O)(=O)[O-].[Na+],intermediate,667.8020000000005,2.0143000000000026,4.0,10.0,5.200659450546418
164,CHEMBL4214471,CC(C)C[C@H](NC(=O)OC1(Cc2ccccc2)CCN(S(C)(=O)=O)CC1)C(=O)N[C@H](C=O)C[C@@H]1CCNC1=O,intermediate,564.7050000000003,1.374100000000002,3.0,7.0,5.4089353929735005
165,CHEMBL4208764,CC(C)C[C@H](NC(=O)OC1(Cc2ccccc2)CCN(S(C)(=O)=O)CC1)C(=O)N[C@@H](C[C@@H]1CCNC1=O)C(O)S(=O)(=O)[O-].[Na+],intermediate,645.7770000000005,0.038800000000005164,4.0,10.0,5.366531544420414
166,CHEMBL4212620,CCC1(OC(=O)N[C@@H](CC(C)C)C(=O)N[C@H](C=O)C[C@@H]2CCNC2=O)CCN(C(=O)OC(C)(C)C)CC1,intermediate,524.6590000000004,2.5169000000000006,3.0,7.0,5.259637310505756
167,CHEMBL4216101,CCC1(OC(=O)N[C@@H](CC(C)C)C(=O)N[C@@H](C[C@@H]2CCNC2=O)C(O)S(=O)(=O)[O-])CCN(C(=O)OC(C)(C)C)CC1.[Na+],intermediate,605.7310000000001,1.181600000000004,4.0,10.0,5.3872161432802645
168,CHEMBL4217568,CCOC(=O)N1CCC(OC(=O)N[C@@H](CC(C)C)C(=O)N[C@H](C=O)C[C@@H]2CCNC2=O)CC1,intermediate,468.55100000000033,0.9581000000000015,3.0,7.0,5.494850021680094
169,CHEMBL4204431,CCOC(=O)N1CCC(OC(=O)N[C@@H](CC(C)C)C(=O)N[C@@H](C[C@@H]2CCNC2=O)C(O)S(=O)(=O)[O-])CC1.[Na+],intermediate,549.6230000000002,-0.37719999999999554,4.0,10.0,5.055517327849831
